{
  "timestamp": "2026-02-05T12:38:53.767484",
  "total_records": 7942,
  "weights": {
    "phase3": 0.3,
    "phase4_ranking": 0.5,
    "phase4_regression": 0.2
  },
  "rank_distribution": {
    "S": 365,
    "A": 1400,
    "B": 1967,
    "C": 2206,
    "D": 2004
  },
  "score_stats": {
    "mean": 0.49158478800627636,
    "std": 0.18070890780754628,
    "min": 0.03831762842667168,
    "max": 0.9109285791555114
  }
}